model,experiment,run,precision_micro,recall_micro,f1_micro,f1_macro,BG_emr,BG_f1_macro,BG_f1_micro,EN_emr,EN_f1_macro,EN_f1_micro,HI_emr,HI_f1_macro,HI_f1_micro,PT_emr,PT_f1_macro,PT_f1_micro,RU_emr,RU_f1_macro,RU_f1_micro,emr
gemma4:26b-a4b-it-q4_K_M,icl_verbalized_triples,1,0.4280898876404494,0.5816793893129771,0.49320388349514566,0.34793567241692014,0.2903225806451613,0.2835858585858586,0.5060240963855421,0.14285714285714285,0.288261988643616,0.367816091954023,0.29642857142857143,0.2511037774110906,0.46620689655172415,0.6206896551724138,0.3266439826716506,0.7111111111111111,0.26744186046511625,0.2904675879675879,0.4563106796116505,0.33112582781456956
gemma4:26b-a4b-it-q4_K_M,icl_verbalized_triples,2,0.416204217536071,0.5725190839694656,0.4820051413881748,0.3254584903150564,0.3225806451612903,0.25129110655426445,0.47058823529411764,0.14285714285714285,0.2437721301501889,0.36015325670498083,0.28214285714285714,0.24362094250735736,0.45964432284541723,0.5862068965517241,0.31231235470365903,0.6956521739130435,0.29069767441860467,0.2327908128710268,0.43349753694581283,0.3228476821192053
gemma4:26b-a4b-it-q4_K_M,icl_verbalized_triples,3,0.42474916387959866,0.5816793893129771,0.49097938144329895,0.3600205906822743,0.2903225806451613,0.26507177033492824,0.4883720930232558,0.13186813186813187,0.34758546222778713,0.41064638783269963,0.28214285714285714,0.23180271645966172,0.4508990318118949,0.5775862068965517,0.30168659486841304,0.6981818181818182,0.29069767441860467,0.25410404321887575,0.4585365853658537,0.31788079470198677
gemma4:26b-a4b-it-q4_K_M,icl_verbalized_triples,mean,0.42301442301870634,0.5786259541984733,0.48872946877553974,0.34447158447141696,0.3010752688172043,0.26664957849168375,0.48832814156763854,0.13919413919413917,0.29320652700719735,0.3795385788305678,0.2869047619047619,0.24217581212603656,0.45891675040301205,0.5948275862068965,0.31354764408124086,0.7016483677353244,0.28294573643410853,0.25912081468583015,0.4494482673077724,0.32395143487858724
gemma4:e4b-it-q4_K_M,icl_verbalized_triples,1,0.3479960899315738,0.5435114503816794,0.42431466030989273,0.3116290050624635,0.1935483870967742,0.2768398268398269,0.49411764705882355,0.054945054945054944,0.20194183580330788,0.32867132867132864,0.20357142857142857,0.262573945221593,0.4071246819338422,0.3793103448275862,0.21456607707650244,0.5490196078431373,0.16279069767441862,0.3210623066229474,0.40930232558139534,0.20860927152317882
gemma4:e4b-it-q4_K_M,icl_verbalized_triples,2,0.3558648111332008,0.5465648854961832,0.43106562311860325,0.3101784436187043,0.12903225806451613,0.25212842712842715,0.40860215053763443,0.06593406593406594,0.22824754724276256,0.3487544483985765,0.19285714285714287,0.23014273820263262,0.42392717815344605,0.4051724137931034,0.283515059178776,0.5761589403973509,0.18604651162790697,0.2725475102098478,0.37037037037037035,0.21026490066225165
gemma4:e4b-it-q4_K_M,icl_verbalized_triples,3,0.3409316154608523,0.5251908396946565,0.41346153846153844,0.28273482175610737,0.16129032258064516,0.23705542823189882,0.41379310344827586,0.054945054945054944,0.24727546221201308,0.35587188612099646,0.20357142857142857,0.20901148633251143,0.3835263835263835,0.3706896551724138,0.30200669905243616,0.5780730897009967,0.18604651162790697,0.21815032232988887,0.3669724770642202,0.20860927152317882
gemma4:e4b-it-q4_K_M,icl_verbalized_triples,mean,0.34826417217520894,0.5384223918575063,0.4229472739633448,0.3015140901457584,0.16129032258064516,0.25534122740005094,0.43883763368157797,0.0586080586080586,0.22582161508602783,0.34443255439696724,0.20000000000000004,0.23390938991891233,0.4048594145378906,0.3850574712643678,0.2666959451025715,0.5677505459804949,0.17829457364341086,0.27058671305422805,0.3822150576719953,0.20916114790286974
mistral-small3.2:24b-instruct-2506-q4_K_M,icl_verbalized_triples,1,0.34823977164605135,0.5587786259541985,0.42907385697538103,0.3018259206065124,0.06451612903225806,0.2364892417523997,0.4318181818181818,0.054945054945054944,0.22584086283572902,0.34306569343065696,0.15,0.23642631713501985,0.4226415094339623,0.2413793103448276,0.21229407954783308,0.558282208588957,0.18604651162790697,0.23561118947436485,0.36771300448430494,0.15397350993377484
mistral-small3.2:24b-instruct-2506-q4_K_M,icl_verbalized_triples,2,0.34277620396600567,0.5541984732824428,0.4235705950991832,0.28856661355596475,0.06451612903225806,0.2746677299308878,0.4666666666666667,0.06593406593406594,0.2055572995073833,0.32967032967032966,0.16071428571428573,0.23002491216574922,0.4114002478314746,0.25,0.215101892156457,0.5652173913043478,0.19767441860465115,0.22322923596800945,0.36036036036036034,0.16390728476821192
mistral-small3.2:24b-instruct-2506-q4_K_M,icl_verbalized_triples,3,0.3447946513849093,0.5511450381679389,0.42420681551116335,0.2957494614111047,0.06451612903225806,0.24436469962785753,0.449438202247191,0.07692307692307693,0.21478814903706198,0.33088235294117646,0.1357142857142857,0.22667253335670365,0.4125786163522013,0.22413793103448276,0.21170695333374762,0.558282208588957,0.19767441860465115,0.2378366670943486,0.37272727272727274,0.1490066225165563
mistral-small3.2:24b-instruct-2506-q4_K_M,icl_verbalized_triples,mean,0.34527020899898875,0.55470737913486,0.4256170891952425,0.29538066519119394,0.06451612903225806,0.251840557103715,0.44930768357734646,0.06593406593406594,0.21539543712672474,0.33453945868072105,0.1488095238095238,0.23104125421915755,0.41554012453921274,0.2385057471264368,0.21303430834601256,0.560593936160754,0.1937984496124031,0.23222569751224098,0.36693354585731264,0.1556291390728477
mistral:7b,icl_verbalized_triples,1,0.16557377049180327,0.3083969465648855,0.21546666666666667,0.13491315769379797,0.06451612903225806,0.08585858585858584,0.25882352941176473,0.02197802197802198,0.16140192999151368,0.1962025316455696,0.0035714285714285713,0.08336020550284978,0.19741480611045828,0.034482758620689655,0.15647438868854477,0.29545454545454547,0.011627906976744186,0.08954532729143067,0.17712177121771217,0.016556291390728478
mistral:7b,icl_verbalized_triples,2,0.17585089141004862,0.33129770992366414,0.22975119110640552,0.1502230206488181,0.0967741935483871,0.12152584257847417,0.2727272727272727,0.03296703296703297,0.16806180996690773,0.23225806451612904,0.014285714285714285,0.08820442956732043,0.21552723059096177,0.034482758620689655,0.1245964011619039,0.29120879120879123,0.0,0.13971318536535926,0.17424242424242425,0.023178807947019868
mistral:7b,icl_verbalized_triples,3,0.17932148626817448,0.33893129770992364,0.23454833597464342,0.14600896102573324,0.12903225806451613,0.18857733175914992,0.35789473684210527,0.03296703296703297,0.11334906818949374,0.2098360655737705,0.014285714285714285,0.0850455194246914,0.20745920745920746,0.017241379310344827,0.1489921198976355,0.29508196721311475,0.011627906976744186,0.16604291976479446,0.22304832713754646,0.023178807947019868
mistral:7b,icl_verbalized_triples,mean,0.1735820493900088,0.32620865139949107,0.22658873124923853,0.14371504645611644,0.09677419354838708,0.13198725339873665,0.29648184632704755,0.0293040293040293,0.14760426938263838,0.21276555391182306,0.010714285714285713,0.08553671816495385,0.20680041472020916,0.02873563218390805,0.14335430324936138,0.2939151012921505,0.007751937984496124,0.13176714414052812,0.19147084086589428,0.02097130242825607
qwen3:30b-a3b-q4_K_M,icl_verbalized_triples,1,0.35525024533856725,0.5526717557251909,0.4324970131421744,0.2952504127616971,0.22580645161290322,0.2501082251082251,0.4367816091954023,0.054945054945054944,0.26861535623001803,0.37037037037037035,0.2,0.2342648750397711,0.41624365482233505,0.41379310344827586,0.23572309624941204,0.6026490066225165,0.19767441860465115,0.23542014832712505,0.33480176211453744,0.22019867549668873
qwen3:30b-a3b-q4_K_M,icl_verbalized_triples,2,0.3594059405940594,0.5541984732824428,0.436036036036036,0.30610157326492166,0.1935483870967742,0.2544361937902608,0.40476190476190477,0.08791208791208792,0.2406210591487271,0.39543726235741444,0.19642857142857142,0.23677074480951693,0.41414141414141414,0.41379310344827586,0.23250639139967202,0.5855263157894737,0.22093023255813954,0.24960160612334523,0.36936936936936937,0.2251655629139073
qwen3:30b-a3b-q4_K_M,icl_verbalized_triples,3,0.36203522504892366,0.5648854961832062,0.44126416219439474,0.30171752489762416,0.16129032258064516,0.26911217437533225,0.4367816091954023,0.0989010989010989,0.23699229761773355,0.3533834586466165,0.18928571428571428,0.25501565396673026,0.4393939393939394,0.4051724137931034,0.23414359466991044,0.5906040268456376,0.1511627906976744,0.21803412274000508,0.358974358974359,0.21026490066225165
qwen3:30b-a3b-q4_K_M,icl_verbalized_triples,mean,0.3588971369938501,0.5572519083969466,0.4365990704575351,0.30102317030808096,0.19354838709677416,0.2578855310912727,0.4261083743842365,0.08058608058608058,0.24874290433215954,0.3730636971248004,0.19523809523809524,0.2420170912720061,0.4232596694525628,0.4109195402298851,0.23412436077299817,0.5929264497525426,0.18992248062015502,0.2343519590634918,0.35438183015275526,0.2185430463576159
qwen3:4b-q4_K_M,icl_verbalized_triples,1,0.3395604395604396,0.4717557251908397,0.394888178913738,0.23461764382046904,0.25806451612903225,0.1698135198135198,0.4050632911392405,0.13186813186813187,0.19396657322189237,0.2891566265060241,0.16785714285714284,0.20856307565109142,0.37894736842105264,0.41379310344827586,0.21094611086287002,0.5605536332179931,0.29069767441860467,0.14698101462807345,0.3404255319148936,0.23178807947019867
qwen3:4b-q4_K_M,icl_verbalized_triples,2,0.3388704318936877,0.467175572519084,0.392811296534018,0.24305142271500413,0.2903225806451613,0.2574793627425207,0.475,0.12087912087912088,0.21041548871460894,0.31746031746031744,0.20714285714285716,0.23209566910123164,0.38985313751668893,0.3706896551724138,0.1671908157202275,0.5051903114186851,0.2441860465116279,0.13444072779311578,0.2978723404255319,0.23509933774834438
qwen3:4b-q4_K_M,icl_verbalized_triples,3,0.3414905450500556,0.4687022900763359,0.39510939510939513,0.23369722060509462,0.22580645161290322,0.169674012855831,0.41025641025641024,0.07692307692307693,0.1664737445675862,0.28225806451612906,0.20357142857142857,0.20366657735731228,0.3763440860215054,0.43103448275862066,0.22373274873274873,0.570446735395189,0.3023255813953488,0.16929048333847097,0.34196891191709844,0.2433774834437086
qwen3:4b-q4_K_M,icl_verbalized_triples,mean,0.3399738055013943,0.4692111959287532,0.39426962351905037,0.2371220957135226,0.25806451612903225,0.1989889651372905,0.43010656713188355,0.10989010989010989,0.19028526883469585,0.29629166949415686,0.19285714285714284,0.21477510736987845,0.38171486398641563,0.4051724137931035,0.20062322510528208,0.5453968933439558,0.27906976744186046,0.1502374085865534,0.326755594752508,0.23675496688741723
gemma4:26b-a4b-it-q4_K_M,icl_triples,1,0.42338251986379116,0.5694656488549619,0.4856770833333333,0.34632099244576586,0.3548387096774194,0.2767316017316018,0.4878048780487805,0.10989010989010989,0.29770011133647495,0.37404580152671757,0.28214285714285714,0.23011596230355122,0.45314685314685316,0.5862068965517241,0.2841262273080455,0.6911764705882353,0.29069767441860467,0.26592223360481915,0.4682926829268293,0.3195364238410596
gemma4:26b-a4b-it-q4_K_M,icl_triples,2,0.4174107142857143,0.5709923664122137,0.48226950354609927,0.34718917049941334,0.25806451612903225,0.23649481831300012,0.4827586206896552,0.16483516483516483,0.32101752788496385,0.3969465648854962,0.3,0.23006142959289066,0.4487534626038781,0.5775862068965517,0.268183166478621,0.6764705882352942,0.27906976744186046,0.25929693113903646,0.4519230769230769,0.32781456953642385
gemma4:26b-a4b-it-q4_K_M,icl_triples,3,0.4243458475540387,0.5694656488549619,0.4863102998696219,0.348699276369983,0.3870967741935484,0.2968253968253968,0.5365853658536586,0.13186813186813187,0.30534820252211553,0.37547892720306514,0.30357142857142855,0.2295092932681307,0.45098039215686275,0.5948275862068966,0.27740317632559014,0.6863468634686347,0.29069767441860467,0.2783393078630694,0.46601941747572817,0.3360927152317881
gemma4:26b-a4b-it-q4_K_M,icl_triples,mean,0.4217130272345147,0.5699745547073792,0.48475229558301813,0.3474031464383874,0.3333333333333333,0.27001727228999955,0.5023829548640314,0.13553113553113552,0.3080219472478514,0.3821570978717596,0.29523809523809524,0.22989556172152417,0.450960235969198,0.5862068965517241,0.27657085670408554,0.6846646407640548,0.2868217054263566,0.2678528242023083,0.4620783924418781,0.32781456953642385
gemma4:e4b-it-q4_K_M,icl_triples,1,0.34178403755868547,0.5557251908396946,0.4232558139534884,0.3117451033317931,0.16129032258064516,0.2777777777777778,0.46808510638297873,0.06593406593406594,0.32645254470767665,0.3680555555555556,0.18214285714285713,0.24768882839132864,0.3985239852398524,0.3620689655172414,0.24273907910271542,0.5620915032679739,0.18604651162790697,0.23593285799168154,0.3744292237442922,0.1986754966887417
gemma4:e4b-it-q4_K_M,icl_triples,2,0.3435114503816794,0.549618320610687,0.4227833235466823,0.2877325483365781,0.12903225806451613,0.24618241235888297,0.4090909090909091,0.06593406593406594,0.15628677367578,0.2896551724137931,0.20714285714285716,0.24078206615917416,0.4312736443883985,0.33620689655172414,0.2567497636463154,0.5678233438485805,0.19767441860465115,0.2948200523559375,0.3627906976744186,0.2052980132450331
gemma4:e4b-it-q4_K_M,icl_triples,3,0.3566502463054187,0.5526717557251909,0.43353293413173655,0.30852858570630554,0.16129032258064516,0.29163059163059163,0.47191011235955055,0.07692307692307693,0.2691274376758248,0.3655913978494624,0.20357142857142857,0.25872583778845865,0.41025641025641024,0.3448275862068966,0.24866850321395775,0.56957928802589,0.20930232558139536,0.26397349858533703,0.39436619718309857,0.21026490066225165
gemma4:e4b-it-q4_K_M,icl_triples,mean,0.34731524474859454,0.5526717557251909,0.4265240238773024,0.3026687457915589,0.15053763440860213,0.2718635939224175,0.44969537594447945,0.0695970695970696,0.25062225201976046,0.34110070860627034,0.1976190476190476,0.2490655774463205,0.4133513466282204,0.34770114942528735,0.24938578198766284,0.5664980450474815,0.19767441860465118,0.264908802977652,0.37719537286726984,0.20474613686534215
mistral-small3.2:24b-instruct-2506-q4_K_M,icl_triples,1,0.3349146110056926,0.5389312977099237,0.4131070801638385,0.28567533525169897,0.03225806451612903,0.2596746687655779,0.4835164835164835,0.06593406593406594,0.17262836844176557,0.296028880866426,0.1357142857142857,0.22566008626822567,0.41309823677581864,0.25862068965517243,0.19114809077791983,0.5230769230769231,0.22093023255813954,0.25062276904382164,0.36936936936936937,0.15562913907284767
mistral-small3.2:24b-instruct-2506-q4_K_M,icl_triples,2,0.3361904761904762,0.5389312977099237,0.41407624633431084,0.2866390668695786,0.0967741935483871,0.2962219598583235,0.5111111111111111,0.054945054945054944,0.1562552553348646,0.2815884476534296,0.14642857142857144,0.22573805452820075,0.41309823677581864,0.2672413793103448,0.2211930093591536,0.5386996904024768,0.18604651162790697,0.24945887445887446,0.36199095022624433,0.15894039735099338
mistral-small3.2:24b-instruct-2506-q4_K_M,icl_triples,3,0.330188679245283,0.5343511450381679,0.40816326530612246,0.2879527555450428,0.03225806451612903,0.26423324150596883,0.5,0.054945054945054944,0.17405179783496438,0.296028880866426,0.1392857142857143,0.22161072181849564,0.40601503759398494,0.25,0.18601457131994492,0.5123456790123457,0.16279069767441862,0.25450558213716107,0.36607142857142855,0.1456953642384106
mistral-small3.2:24b-instruct-2506-q4_K_M,icl_triples,mean,0.33376458881381726,0.5374045801526718,0.4117821972680906,0.2867557192221068,0.053763440860215055,0.27337662337662344,0.49820919820919823,0.0586080586080586,0.16764514053719817,0.29121540312876054,0.14047619047619048,0.22433628753830737,0.4107371703818741,0.25862068965517243,0.1994518904856728,0.5247074308305818,0.18992248062015504,0.2515290752132857,0.36581058272234745,0.1534216335540839
mistral:7b,icl_triples,1,0.19341216216216217,0.34961832061068704,0.2490483958673192,0.16576126142353634,0.12903225806451613,0.17471972471972472,0.37777777777777777,0.0,0.17535847990393444,0.22448979591836735,0.02142857142857143,0.1096626549780705,0.23681125439624853,0.08620689655172414,0.140461702587371,0.28405797101449276,0.03488372093023256,0.11364754897508908,0.22568093385214008,0.0380794701986755
mistral:7b,icl_triples,2,0.19508057675996607,0.3511450381679389,0.25081788440567065,0.1586006370702354,0.12903225806451613,0.12864357864357864,0.3516483516483517,0.04395604395604396,0.18790260775906706,0.2534246575342466,0.017857142857142856,0.09522371176414789,0.2206405693950178,0.10344827586206896,0.14409049373176835,0.33136094674556216,0.011627906976744186,0.13361142677686735,0.2074074074074074,0.04304635761589404
mistral:7b,icl_triples,3,0.18197135636057288,0.3297709923664122,0.23452768729641693,0.14709018580786307,0.12903225806451613,0.13986619441164896,0.3076923076923077,0.01098901098901099,0.19113584077811757,0.19727891156462585,0.0035714285714285713,0.09428225575688894,0.2049469964664311,0.04310344827586207,0.134665437558696,0.3142857142857143,0.0,0.11854894956499235,0.24031007751937986,0.018211920529801324
mistral:7b,icl_triples,mean,0.19015469842756705,0.3435114503816794,0.24479798918980225,0.15715069476721158,0.12903225806451613,0.14774316592498413,0.3457061457061457,0.018315018315018316,0.1847989761470397,0.2250644550057466,0.014285714285714285,0.0997228741663691,0.22079960675256582,0.07758620689655173,0.1397392112926118,0.3099015440152564,0.015503875968992248,0.12193597510564959,0.2244661395929758,0.03311258278145695
qwen3:30b-a3b-q4_K_M,icl_triples,1,0.34937439846005774,0.5541984732824428,0.42857142857142855,0.299757369999935,0.1935483870967742,0.19709277650454118,0.37777777777777777,0.10989010989010989,0.2840652016605096,0.379182156133829,0.16071428571428573,0.23633167076810366,0.41802252816020025,0.3879310344827586,0.21090479398951115,0.5639344262295082,0.16279069767441862,0.22073022046284077,0.36363636363636365,0.1986754966887417
qwen3:30b-a3b-q4_K_M,icl_triples,2,0.3432406519654842,0.5465648854961832,0.4216725559481743,0.2787763767075436,0.16129032258064516,0.2667519349337531,0.4175824175824176,0.06593406593406594,0.21670699670699675,0.32592592592592595,0.17142857142857143,0.247470358714681,0.4339152119700748,0.3620689655172414,0.22761747821556433,0.551948051948052,0.1744186046511628,0.18879639825931385,0.31718061674008813,0.19205298013245034
qwen3:30b-a3b-q4_K_M,icl_triples,3,0.35471331389698735,0.5572519083969466,0.4334916864608076,0.30391165915410795,0.22580645161290322,0.2384986225895317,0.40476190476190477,0.04395604395604396,0.2366694576995257,0.373134328358209,0.18571428571428572,0.2557274387139239,0.43018867924528303,0.39655172413793105,0.24242520146106547,0.5760517799352751,0.16279069767441862,0.2274927453498882,0.3333333333333333,0.20364238410596028
qwen3:30b-a3b-q4_K_M,icl_triples,mean,0.34910945477417643,0.5526717557251909,0.4279118903268035,0.29414846862052885,0.19354838709677422,0.234114444675942,0.4000407000407,0.07326007326007326,0.24581388535567736,0.359414136805988,0.17261904761904764,0.2465098227322362,0.42737547312518603,0.382183908045977,0.22698249122204697,0.5639780860376118,0.16666666666666666,0.2123397880240143,0.3380501045699284,0.19812362030905076
qwen3:4b-q4_K_M,icl_triples,1,0.3318632855567806,0.4595419847328244,0.3854033290653009,0.22815058235936056,0.2903225806451613,0.1937229437229437,0.4155844155844156,0.08791208791208792,0.1549106449106449,0.2625482625482625,0.18571428571428572,0.19144275668927532,0.3687002652519894,0.4051724137931034,0.22375807987093255,0.5684210526315789,0.26744186046511625,0.1672676008202324,0.3315508021390374,0.23013245033112584
qwen3:4b-q4_K_M,icl_triples,2,0.35209713024282563,0.4870229007633588,0.40871236386931453,0.2601982397419121,0.3225806451612903,0.275,0.5454545454545454,0.10989010989010989,0.17736051826960916,0.288,0.21428571428571427,0.22929548708124142,0.3951935914552737,0.39655172413793105,0.23853913196474152,0.5559322033898305,0.26744186046511625,0.1594411791546179,0.3368421052631579,0.24668874172185432
qwen3:4b-q4_K_M,icl_triples,3,0.35995500562429694,0.48854961832061067,0.41450777202072536,0.26072561942006117,0.1935483870967742,0.19616315057491526,0.475,0.13186813186813187,0.1786643305082413,0.2737642585551331,0.24285714285714285,0.23401379651707038,0.4180327868852459,0.43103448275862066,0.22548527662335316,0.5673758865248227,0.26744186046511625,0.15823065823065824,0.3422459893048128,0.2632450331125828
qwen3:4b-q4_K_M,icl_triples,mean,0.347971807141301,0.47837150127226463,0.4028744883184469,0.2496914805071113,0.26881720430107525,0.22162869809928631,0.47867965367965365,0.1098901098901099,0.17031183122949844,0.27477084036779853,0.2142857142857143,0.21825068009586238,0.3939755478641697,0.4109195402298851,0.2292608294863424,0.5639097141820774,0.26744186046511625,0.16164647940183619,0.33687963223566936,0.24668874172185432
gemma4:26b-a4b-it-q4_K_M,icl_all_triples,1,0.4232558139534884,0.5557251908396946,0.48052805280528055,0.3360688088347649,0.3225806451612903,0.27323232323232327,0.49382716049382713,0.16483516483516483,0.24371268598857962,0.36507936507936506,0.32857142857142857,0.2373405566829116,0.4526166902404526,0.603448275862069,0.2886716818535,0.6914498141263941,0.27906976744186046,0.24806568357370498,0.4368932038834951,0.34933774834437087
gemma4:26b-a4b-it-q4_K_M,icl_all_triples,2,0.4280701754385965,0.5587786259541985,0.4847682119205298,0.35904373751174457,0.41935483870967744,0.27702020202020206,0.5185185185185185,0.16483516483516483,0.3168772088126927,0.3952569169960474,0.31785714285714284,0.23055985004889437,0.4466571834992888,0.6206896551724138,0.2936071911145225,0.6765799256505576,0.29069767441860467,0.2866502545073974,0.46078431372549017,0.3543046357615894
gemma4:26b-a4b-it-q4_K_M,icl_all_triples,3,0.4324009324009324,0.566412213740458,0.4904163912756114,0.34643438912203234,0.41935483870967744,0.25871549721817105,0.5121951219512195,0.15384615384615385,0.30173096042295733,0.3937007874015748,0.30357142857142855,0.2310986278151438,0.4497878359264498,0.5689655172413793,0.28406758471413646,0.6715867158671587,0.3372093023255814,0.3170672731902679,0.5025125628140703,0.34271523178807944
gemma4:26b-a4b-it-q4_K_M,icl_all_triples,mean,0.42790897393100574,0.5603053435114503,0.4852375520004739,0.34718231182284726,0.38709677419354843,0.2696560074902321,0.5081802669878551,0.16117216117216118,0.28744028507474323,0.38467902315899577,0.31666666666666665,0.2329996781823166,0.44968723655539705,0.5977011494252874,0.28878215256071965,0.6798721518813702,0.3023255813953489,0.28392773709045677,0.4667300268076852,0.3487858719646799
gemma4:e4b-it-q4_K_M,icl_all_triples,1,0.341130604288499,0.5343511450381679,0.4164187983343248,0.3018915874867525,0.0967741935483871,0.24591291061879295,0.37362637362637363,0.07692307692307693,0.21101629760599705,0.3546099290780142,0.22142857142857142,0.26703825835505807,0.4194373401534527,0.2672413793103448,0.22642810945778147,0.549520766773163,0.16279069767441862,0.20879773844720798,0.30985915492957744,0.19370860927152317
gemma4:e4b-it-q4_K_M,icl_all_triples,2,0.3472356935014549,0.5465648854961832,0.4246737841043891,0.3076678584226959,0.0967741935483871,0.24357652151769796,0.4090909090909091,0.0989010989010989,0.22125417660177019,0.35172413793103446,0.2,0.2175801574391628,0.4219948849104859,0.33620689655172414,0.2874193856954904,0.5466237942122186,0.19767441860465115,0.26821269639451456,0.3627906976744186,0.2052980132450331
gemma4:e4b-it-q4_K_M,icl_all_triples,3,0.33462657613967023,0.5267175572519084,0.4092526690391459,0.31218288033748687,0.12903225806451613,0.2400924832743015,0.43478260869565216,0.054945054945054944,0.20804648867937345,0.33793103448275863,0.18571428571428572,0.2508510231292443,0.3902439024390244,0.35344827586206895,0.2486535523300229,0.551948051948052,0.12790697674418605,0.31499132183406886,0.35944700460829493,0.1870860927152318
gemma4:e4b-it-q4_K_M,icl_all_triples,mean,0.34099762464320804,0.5358778625954198,0.41678175049261995,0.30724744208231175,0.10752688172043011,0.24319397180359748,0.405833297137645,0.07692307692307691,0.2134389876290469,0.3480883671639357,0.2023809523809524,0.24515647964115506,0.41055870916765436,0.3189655172413793,0.2541670158277649,0.5493642043111445,0.1627906976744186,0.2640005855585971,0.34403228573743033,0.19536423841059603
mistral-small3.2:24b-instruct-2506-q4_K_M,icl_all_triples,1,0.31514581373471307,0.5114503816793893,0.389988358556461,0.2589679027322219,0.12903225806451613,0.25097402597402596,0.449438202247191,0.06593406593406594,0.18202604523359242,0.2765957446808511,0.12857142857142856,0.20023149267872134,0.3883984867591425,0.25,0.1897306912978163,0.5295950155763239,0.1511627906976744,0.20668965700634845,0.31759656652360513,0.1456953642384106
mistral-small3.2:24b-instruct-2506-q4_K_M,icl_all_triples,2,0.31856738925541944,0.516030534351145,0.3939393939393939,0.25526315779074243,0.12903225806451613,0.2532106782106782,0.4772727272727273,0.054945054945054944,0.15749708286293648,0.25,0.1392857142857143,0.2003952957579462,0.3949367088607595,0.2672413793103448,0.19815175766262724,0.5482866043613707,0.13953488372093023,0.20479624640488245,0.3231441048034934,0.15066225165562913
mistral-small3.2:24b-instruct-2506-q4_K_M,icl_all_triples,3,0.3160377358490566,0.5114503816793893,0.39067055393586003,0.25499946448222316,0.12903225806451613,0.2382034632034632,0.4367816091954023,0.054945054945054944,0.17322849564228873,0.2596491228070175,0.13214285714285715,0.20469802776030022,0.3954659949622166,0.25862068965517243,0.196271893311367,0.5454545454545454,0.12790697674418605,0.18825889357484804,0.30434782608695654,0.14403973509933773
mistral-small3.2:24b-instruct-2506-q4_K_M,icl_all_triples,mean,0.31658364627972974,0.5129770992366413,0.39153276881057164,0.2564101750017292,0.12903225806451613,0.24746272246272247,0.4544975129051069,0.0586080586080586,0.1709172079129392,0.2620816224959562,0.13333333333333333,0.20177493873232258,0.3929337301940395,0.2586206896551724,0.1947181140906035,0.5411120551307467,0.13953488372093023,0.19991493232869298,0.31502949913801837,0.1467991169977925
mistral:7b,icl_all_triples,1,0.16280864197530864,0.32213740458015266,0.21629933367503845,0.1221174807532056,0.03225806451612903,0.08152958152958152,0.18947368421052632,0.03296703296703297,0.11758107667047552,0.20189274447949526,0.03571428571428571,0.11090990763712046,0.23660714285714285,0.05172413793103448,0.10223903135924042,0.21666666666666667,0.023255813953488372,0.10378434540410333,0.17667844522968199,0.03642384105960265
mistral:7b,icl_all_triples,2,0.1884422110552764,0.3435114503816794,0.24337479718766902,0.16809423911636429,0.12903225806451613,0.10950160950160949,0.3146067415730337,0.01098901098901099,0.188115806878623,0.22145328719723184,0.014285714285714285,0.12489497294397478,0.23943661971830985,0.05172413793103448,0.14400294408034348,0.2969187675070028,0.011627906976744186,0.10205230721956406,0.183206106870229,0.026490066225165563
mistral:7b,icl_all_triples,3,0.15034695451040864,0.29770992366412213,0.19979508196721313,0.10990295572188269,0.03225806451612903,0.13426501035196686,0.25,0.02197802197802198,0.102741045689256,0.1858974358974359,0.017857142857142856,0.0863671991064374,0.20636663007683864,0.02586206896551724,0.08630629941812558,0.20903954802259886,0.0,0.08451711510942908,0.16487455197132617,0.018211920529801324
mistral:7b,icl_all_triples,mean,0.16719926918033123,0.32111959287531805,0.2198230709433069,0.13337155853048419,0.06451612903225806,0.10843206712771929,0.25136014192785333,0.02197802197802198,0.13614597641278484,0.20308115585805434,0.02261904761904762,0.10739069322917755,0.2274701308840971,0.04310344827586207,0.11084942495256983,0.2408749940654228,0.011627906976744186,0.09678458924436549,0.17491970135707904,0.02704194260485651
qwen3:30b-a3b-q4_K_M,icl_all_triples,1,0.35499515033947626,0.5587786259541985,0.43416370106761565,0.3068278137646852,0.1935483870967742,0.23186718213456176,0.4044943820224719,0.10989010989010989,0.24524511904894677,0.375,0.17857142857142858,0.2599668967392011,0.4377358490566038,0.4224137931034483,0.23610364561691996,0.5666666666666667,0.1744186046511628,0.20438092610606448,0.33043478260869563,0.2152317880794702
qwen3:30b-a3b-q4_K_M,icl_all_triples,2,0.3493621197252208,0.5435114503816794,0.4253285543608124,0.29492625308111925,0.1935483870967742,0.21923127377672832,0.36363636363636365,0.0989010989010989,0.25192251753516576,0.34944237918215615,0.15714285714285714,0.2237649197602721,0.4075,0.43103448275862066,0.24030124464907077,0.5906040268456376,0.19767441860465115,0.22912976497956733,0.3835616438356164,0.20860927152317882
qwen3:30b-a3b-q4_K_M,icl_all_triples,3,0.35236220472440943,0.5465648854961832,0.42848593656493117,0.3069183861025946,0.25806451612903225,0.25086580086580085,0.4186046511627907,0.10989010989010989,0.24090646778626318,0.3643122676579926,0.17857142857142858,0.24851889321039994,0.41854636591478694,0.3706896551724138,0.23370525243590262,0.5742574257425742,0.20930232558139536,0.20825626393808208,0.34418604651162793,0.21357615894039736
qwen3:30b-a3b-q4_K_M,icl_all_triples,mean,0.35223982492970213,0.549618320610687,0.42932606399778644,0.30289081764946635,0.21505376344086022,0.23398808559236364,0.3955784656072088,0.10622710622710622,0.2460247014567919,0.36291821561338294,0.17142857142857146,0.24408356990329105,0.4212607383237969,0.4080459770114942,0.23670338090063112,0.5771760397516261,0.1937984496124031,0.21392231834123798,0.3527274909853133,0.21247240618101546
qwen3:4b-q4_K_M,icl_all_triples,1,0.33597285067873306,0.4534351145038168,0.38596491228070173,0.24593997108094595,0.25806451612903225,0.18203463203463202,0.3855421686746988,0.0989010989010989,0.1947937668392214,0.2809917355371901,0.20714285714285716,0.22591979850476987,0.3896457765667575,0.4482758620689655,0.21593641123569557,0.5323741007194245,0.20930232558139536,0.1317701460749589,0.297029702970297,0.24006622516556292
qwen3:4b-q4_K_M,icl_all_triples,2,0.33517089305402425,0.46412213740458014,0.3892445582586428,0.23733108194095606,0.25806451612903225,0.2105470287288469,0.46153846153846156,0.12087912087912088,0.1902463857248546,0.30115830115830117,0.17142857142857143,0.22736559907294768,0.3745019920318725,0.4224137931034483,0.19939315686979242,0.5519713261648745,0.22093023255813954,0.1327170485098874,0.3005181347150259,0.22350993377483444
qwen3:4b-q4_K_M,icl_all_triples,3,0.3304628632938644,0.4687022900763359,0.38762626262626265,0.25203748859590935,0.2903225806451613,0.20779220779220778,0.48717948717948717,0.16483516483516483,0.15685364991514722,0.23574144486692014,0.18571428571428572,0.22803152937699328,0.3740053050397878,0.39655172413793105,0.21148100968675132,0.5655172413793104,0.20930232558139536,0.1723290055474125,0.3417085427135678,0.23178807947019867
qwen3:4b-q4_K_M,icl_all_triples,mean,0.33386886900887386,0.4620865139949109,0.3876119110552024,0.2451028472059371,0.26881720430107525,0.20012462285189558,0.44475337246421587,0.1282051282051282,0.18063126749307443,0.2726304938541371,0.1880952380952381,0.22710564231823693,0.3793843578794726,0.42241379310344823,0.20893685926407976,0.5499542227545365,0.21317829457364343,0.14560540004408626,0.31308546013296357,0.23178807947019867
gemma4:26b-a4b-it-q4_K_M,baseline,1,0.42696629213483145,0.5801526717557252,0.4919093851132686,0.3560968126467153,0.22580645161290322,0.28405483405483406,0.4819277108433735,0.15384615384615385,0.3307497537230702,0.41064638783269963,0.30714285714285716,0.2313425018826937,0.45874125874125876,0.5689655172413793,0.2693000985237911,0.6690909090909091,0.313953488372093,0.29391175359554805,0.4784688995215311,0.33112582781456956
gemma4:26b-a4b-it-q4_K_M,baseline,2,0.43097643097643096,0.5862595419847328,0.49676584734799484,0.36470900368298514,0.25806451612903225,0.27070707070707073,0.47619047619047616,0.17582417582417584,0.31566335489780467,0.39080459770114945,0.31785714285714284,0.2605514245994028,0.46348314606741575,0.5431034482758621,0.29306264306264307,0.6714801444043321,0.32558139534883723,0.35372765866837014,0.5188679245283019,0.33774834437086093
gemma4:26b-a4b-it-q4_K_M,baseline,3,0.42175360710321863,0.5801526717557252,0.4884318766066838,0.360170695825266,0.25806451612903225,0.27146464646464646,0.49411764705882355,0.14285714285714285,0.3030719267082903,0.3726235741444867,0.32857142857142857,0.23838650590188523,0.4544179523141655,0.5689655172413793,0.2918376666153346,0.6714801444043321,0.29069767441860467,0.35685975999795305,0.5045871559633027,0.33774834437086093
gemma4:26b-a4b-it-q4_K_M,baseline,mean,0.426565443404827,0.5821882951653944,0.49236903635598245,0.3603255040516555,0.24731182795698925,0.2754088504088504,0.48407861136422436,0.15750915750915753,0.3164950117763884,0.39135818655944526,0.31785714285714284,0.24342681079466058,0.45888078570761337,0.560344827586207,0.2847334694005896,0.670683732633191,0.310077519379845,0.33483305742062375,0.5006413266710452,0.3355408388520971
gemma4:26b-a4b-it-q4_K_M,baseline_icl,1,0.425,0.5709923664122137,0.48729641693811077,0.3581781752252206,0.22580645161290322,0.2897186147186147,0.47058823529411764,0.1978021978021978,0.2598678059908006,0.368,0.3,0.2396854676149065,0.44630404463040446,0.5862068965517241,0.3045852170156953,0.6886446886446886,0.29069767441860467,0.3287301025851949,0.5142857142857142,0.3344370860927152
gemma4:26b-a4b-it-q4_K_M,baseline_icl,2,0.42303306727480045,0.566412213740458,0.48433420365535246,0.3528061006000991,0.2903225806451613,0.26224429165605634,0.45,0.18681318681318682,0.27028756428074147,0.3843137254901961,0.3,0.2322812875577656,0.4407252440725244,0.5948275862068966,0.29364387738499276,0.6886446886446886,0.3023255813953488,0.3272383460695149,0.5024154589371981,0.3394039735099338
gemma4:26b-a4b-it-q4_K_M,baseline_icl,3,0.4238258877434135,0.5648854961832062,0.48429319371727747,0.37062731306028857,0.25806451612903225,0.24125180375180377,0.41975308641975306,0.16483516483516483,0.33769558193003174,0.3875968992248062,0.3142857142857143,0.23697336683404116,0.4472934472934473,0.5517241379310345,0.2845414338660407,0.6642599277978339,0.27906976744186046,0.3897010219976727,0.5142857142857142,0.3294701986754967
gemma4:26b-a4b-it-q4_K_M,baseline_icl,mean,0.4239529850060713,0.5674300254452926,0.48530793810358025,0.3605371962952028,0.25806451612903225,0.2644049033754916,0.44678044057129024,0.18315018315018314,0.2892836507338579,0.3799702082383341,0.30476190476190473,0.23631337400223776,0.44477424533212534,0.5775862068965517,0.29425684275557623,0.6805164350290704,0.29069767441860467,0.3485564902174609,0.5103289625028755,0.3344370860927152
gemma4:e4b-it-q4_K_M,baseline,1,0.3349146110056926,0.5389312977099237,0.4131070801638385,0.3120965019670364,0.16129032258064516,0.25351153365507434,0.43478260869565216,0.04395604395604396,0.2470362641468624,0.34265734265734266,0.16428571428571428,0.23396806057068698,0.4085750315258512,0.29310344827586204,0.22029520187414925,0.5031847133757962,0.20930232558139536,0.33247343565525384,0.38392857142857145,0.1771523178807947
gemma4:e4b-it-q4_K_M,baseline,2,0.3403846153846154,0.5404580152671755,0.4176991150442478,0.3159857412438342,0.0967741935483871,0.28080048606364394,0.4318181818181818,0.06593406593406594,0.2649143355751176,0.3591549295774648,0.18928571428571428,0.24535660687482605,0.42493638676844786,0.3706896551724138,0.23997415299308064,0.4966887417218543,0.11627906976744186,0.26213523318786475,0.3574468085106383,0.19039735099337748
gemma4:e4b-it-q4_K_M,baseline,3,0.3333333333333333,0.5251908396946565,0.4078245406046236,0.29077825676585095,0.16129032258064516,0.23935786435786433,0.4318181818181818,0.02197802197802198,0.20074296996361737,0.3546099290780142,0.20357142857142857,0.22162918182871716,0.392811296534018,0.28448275862068967,0.20349487856172346,0.5111821086261981,0.18604651162790697,0.28420584569950075,0.37333333333333335,0.1870860927152318
gemma4:e4b-it-q4_K_M,baseline,mean,0.33621085324121375,0.5348600508905852,0.41287691193757,0.3062868333255739,0.13978494623655913,0.25788996135886083,0.43280632411067194,0.04395604395604396,0.23756452322853247,0.3521407337709406,0.18571428571428572,0.23365128309141006,0.4087742382761057,0.3160919540229885,0.22125474447631777,0.5036851879079495,0.17054263565891473,0.2929381715142065,0.3715695710908477,0.184878587196468
gemma4:e4b-it-q4_K_M,baseline_icl,1,0.3465045592705167,0.5221374045801527,0.4165651644336175,0.30042255898285625,0.12903225806451613,0.22905024268660631,0.4044943820224719,0.07692307692307693,0.22552064576804917,0.3358208955223881,0.21785714285714286,0.2478000667858937,0.41818181818181815,0.3879310344827586,0.18098120645967536,0.5234899328859061,0.22093023255813954,0.26313396199759836,0.3686635944700461,0.2251655629139073
gemma4:e4b-it-q4_K_M,baseline_icl,2,0.32663316582914576,0.4961832061068702,0.3939393939393939,0.2869645027022841,0.0967741935483871,0.20661157024793386,0.36585365853658536,0.13186813186813187,0.24617820244614502,0.33691756272401435,0.20357142857142857,0.21757223806614376,0.38961038961038963,0.41379310344827586,0.20386616019027085,0.5135135135135135,0.19767441860465115,0.2408429652253763,0.33183856502242154,0.22682119205298013
gemma4:e4b-it-q4_K_M,baseline_icl,3,0.342,0.5221374045801527,0.4132930513595166,0.3077376209535628,0.1935483870967742,0.3160173160173161,0.47191011235955055,0.0989010989010989,0.1907432265017404,0.3188405797101449,0.22857142857142856,0.25996715760311173,0.40561224489795916,0.4396551724137931,0.2069805194805195,0.5387205387205387,0.2441860465116279,0.2767006555272516,0.36363636363636365,0.25
gemma4:e4b-it-q4_K_M,baseline_icl,mean,0.3383792416998875,0.5134860050890585,0.40793253657750933,0.29837489421290103,0.13978494623655913,0.25055970965061874,0.41408605097286927,0.10256410256410257,0.22081402490531152,0.3305263459855158,0.21666666666666667,0.2417798208183831,0.4044681508967223,0.41379310344827586,0.19727596204348855,0.5252413283733194,0.2209302325581395,0.2602258609167421,0.3547128410429437,0.23399558498896247
mistral-small3.2:24b-instruct-2506-q4_K_M,baseline,1,0.3095890410958904,0.517557251908397,0.38742857142857146,0.2690387914085881,0.0967741935483871,0.18025811474428075,0.3695652173913043,0.054945054945054944,0.1772371206989839,0.28776978417266186,0.13214285714285715,0.2042504195595508,0.3855721393034826,0.14655172413793102,0.19789343776187593,0.5029585798816568,0.1511627906976744,0.2214200247536427,0.35294117647058826,0.12417218543046357
mistral-small3.2:24b-instruct-2506-q4_K_M,baseline,2,0.3141552511415525,0.5251908396946565,0.3931428571428571,0.2776378207650656,0.0967741935483871,0.18390169338785942,0.37362637362637363,0.04395604395604396,0.18537732979067503,0.2949640287769784,0.13214285714285715,0.21069814882552568,0.3920099875156055,0.15517241379310345,0.22047867391639142,0.514792899408284,0.1511627906976744,0.23143495937613584,0.34710743801652894,0.12417218543046357
mistral-small3.2:24b-instruct-2506-q4_K_M,baseline,3,0.3171846435100548,0.5297709923664122,0.396798170383076,0.2857538700214224,0.12903225806451613,0.18252428291953987,0.37362637362637363,0.054945054945054944,0.19972151751651213,0.30935251798561153,0.1392857142857143,0.2203425442530057,0.392991239048811,0.13793103448275862,0.2086825521846042,0.5103857566765578,0.16279069767441862,0.25185634354752,0.36065573770491804,0.1291390728476821
mistral-small3.2:24b-instruct-2506-q4_K_M,baseline,mean,0.31364297858249923,0.5241730279898219,0.39245653298483485,0.2774768273983587,0.10752688172043011,0.18222803035056,0.3722726548813505,0.05128205128205129,0.18744532266872369,0.2973621103117506,0.13452380952380952,0.21176370421269408,0.3901911219559664,0.14655172413793102,0.20901822128762385,0.5093790786554996,0.15503875968992248,0.23490377589243283,0.35356811739734506,0.12582781456953643
mistral-small3.2:24b-instruct-2506-q4_K_M,baseline_icl,1,0.337361530715005,0.5114503816793893,0.4065533980582524,0.28005419345891575,0.12903225806451613,0.18834054834054836,0.367816091954023,0.0989010989010989,0.14796254470167514,0.27169811320754716,0.18214285714285713,0.2166708372300082,0.39537869062901154,0.47413793103448276,0.2374432045715228,0.5966101694915255,0.23255813953488372,0.21085220025185025,0.36936936936936937,0.23013245033112584
mistral-small3.2:24b-instruct-2506-q4_K_M,baseline_icl,2,0.3437185929648241,0.5221374045801527,0.41454545454545455,0.3021305301659675,0.12903225806451613,0.1848051948051948,0.36363636363636365,0.10989010989010989,0.20601512724274873,0.2878787878787879,0.19285714285714287,0.2245121846335407,0.4087403598971722,0.45689655172413796,0.23861768301496653,0.5925925925925926,0.23255813953488372,0.2505827665157809,0.36771300448430494,0.23344370860927152
mistral-small3.2:24b-instruct-2506-q4_K_M,baseline_icl,3,0.33933933933933935,0.517557251908397,0.40991535671100365,0.2857622754264129,0.12903225806451613,0.19086580086580088,0.37209302325581395,0.0989010989010989,0.21143449979338816,0.2943396226415094,0.18214285714285713,0.21039223690024847,0.3989769820971867,0.46551724137931033,0.24434039167885163,0.5906040268456376,0.22093023255813954,0.20391906073724256,0.35874439461883406,0.22682119205298013
mistral-small3.2:24b-instruct-2506-q4_K_M,baseline_icl,mean,0.3401398210063895,0.5170483460559797,0.41033806977157017,0.2893156663504321,0.12903225806451613,0.18800384800384803,0.3678484929487335,0.10256410256410255,0.188470723912604,0.28463884124261485,0.18571428571428572,0.2171917529212658,0.4010320108744568,0.46551724137931033,0.24013375975511364,0.5932689296432518,0.22868217054263565,0.2217846758349579,0.36527558949083616,0.23013245033112584
mistral:7b,baseline,1,0.17814726840855108,0.3435114503816794,0.2346193952033368,0.15236356489956437,0.0967741935483871,0.11747015610651976,0.2553191489361702,0.01098901098901099,0.15129523625880065,0.19543973941368079,0.017857142857142856,0.11560124925651914,0.22554660529344073,0.04310344827586207,0.1515672256066594,0.2894736842105263,0.03488372093023256,0.11822175968487035,0.22388059701492538,0.028145695364238412
mistral:7b,baseline,2,0.17480314960629922,0.33893129770992364,0.23064935064935066,0.1407875654995168,0.0,0.0861973775017253,0.23404255319148937,0.0,0.12265236328325942,0.20317460317460317,0.0035714285714285713,0.11781035762441933,0.21739130434782608,0.02586206896551724,0.15956595838432316,0.3010752688172043,0.023255813953488372,0.09126735333631884,0.2074074074074074,0.009933774834437087
mistral:7b,baseline,3,0.1752,0.33435114503816793,0.22992125984251968,0.14885293305196393,0.03225806451612903,0.10790699199790109,0.2553191489361702,0.01098901098901099,0.17964085626431006,0.21221864951768488,0.014285714285714285,0.1198732261844614,0.22170900692840648,0.034482758620689655,0.14833504094659092,0.27419354838709675,0.03488372093023256,0.08895211513632566,0.20610687022900764,0.02152317880794702
mistral:7b,baseline,mean,0.17605013933828342,0.33893129770992364,0.2317300018984024,0.14733468781701503,0.04301075268817204,0.10385817520204872,0.24822695035460993,0.007326007326007327,0.1511961519354567,0.2036109973686563,0.011904761904761904,0.11776161102179995,0.2215489721898911,0.034482758620689655,0.15315607497919115,0.28824750047160913,0.031007751937984496,0.09948040938583828,0.2124649582171135,0.019867549668874173
mistral:7b,baseline_icl,1,0.23738872403560832,0.366412213740458,0.28811524609843936,0.13991732451144598,0.0967741935483871,0.09414600550964188,0.25806451612903225,0.03296703296703297,0.14165417363117497,0.15770609318996415,0.12142857142857143,0.10126209512449406,0.2749326145552561,0.2413793103448276,0.16610687534080146,0.46984126984126984,0.11627906976744186,0.10313627315496583,0.25316455696202533,0.1291390728476821
mistral:7b,baseline_icl,2,0.22978303747534518,0.35572519083969467,0.2792091072498502,0.1337158991050311,0.0967741935483871,0.12088587740761653,0.3218390804597701,0.054945054945054944,0.11249560595890597,0.14788732394366197,0.15357142857142858,0.09282292039899252,0.2814614343707713,0.22413793103448276,0.16144061112012723,0.4276729559748428,0.05813953488372093,0.0920837985543868,0.2157676348547718,0.1357615894039735
mistral:7b,baseline_icl,3,0.24044265593561368,0.3648854961832061,0.28987265009096425,0.13381258658660575,0.06451612903225806,0.1303532216575695,0.32558139534883723,0.04395604395604396,0.11372289990711043,0.15942028985507245,0.14642857142857144,0.09159604020074746,0.2810368349249659,0.29310344827586204,0.15743616139957603,0.47096774193548385,0.06976744186046512,0.08709642950783167,0.22131147540983606,0.14403973509933773
mistral:7b,baseline_icl,mean,0.23587147248218907,0.36234096692111956,0.28573233447975127,0.13581527006769425,0.08602150537634408,0.1151283681916093,0.3018283306458798,0.04395604395604396,0.1226242264990638,0.15500456899623286,0.1404761904761905,0.09522701857474469,0.2791436279503311,0.2528735632183908,0.16166121595350158,0.45616065591719884,0.0813953488372093,0.09410550040572811,0.23008122240887774,0.13631346578366446
qwen3:30b-a3b-q4_K_M,baseline,1,0.34901960784313724,0.5435114503816794,0.42507462686567166,0.30248568646114626,0.16129032258064516,0.25170122275385437,0.39080459770114945,0.054945054945054944,0.21701924246180193,0.3516483516483517,0.21071428571428572,0.24846240938593478,0.4159178433889602,0.3620689655172414,0.2119032084343089,0.5526315789473685,0.20930232558139536,0.26072565791465313,0.3879310344827586,0.21357615894039736
qwen3:30b-a3b-q4_K_M,baseline,2,0.361598440545809,0.566412213740458,0.4414039262343843,0.3184926556912384,0.1935483870967742,0.251647316001383,0.4444444444444444,0.08791208791208792,0.22151768065824218,0.3420074349442379,0.21071428571428572,0.23010996475377815,0.4305732484076433,0.4224137931034483,0.2646053761900444,0.5933333333333334,0.16279069767441862,0.28098772154089474,0.39662447257383965,0.2251655629139073
qwen3:30b-a3b-q4_K_M,baseline,3,0.35636722606120436,0.5511450381679389,0.43285371702637887,0.31093135232530594,0.16129032258064516,0.26061898588636556,0.41379310344827586,0.08791208791208792,0.28985813603199095,0.379182156133829,0.2,0.25292816202523016,0.4176394293125811,0.3879310344827586,0.2497384129737071,0.5855263157894737,0.13953488372093023,0.24081623244909248,0.35443037974683544,0.20860927152317882
qwen3:30b-a3b-q4_K_M,baseline,mean,0.35566175815005013,0.5536895674300254,0.43311075670881155,0.31063656482589685,0.17204301075268816,0.25465584154720095,0.4163473818646232,0.07692307692307693,0.24279835305067834,0.35761264757547284,0.20714285714285716,0.24383351205498105,0.4213768403697282,0.39080459770114945,0.24208233253268677,0.5771637426900585,0.17054263565891473,0.2608432039682134,0.37966196226781124,0.21578366445916117
qwen3:30b-a3b-q4_K_M,baseline_icl,1,0.3687031082529475,0.5251908396946565,0.4332493702770781,0.29259905655741664,0.16129032258064516,0.22182867637413092,0.40963855421686746,0.10989010989010989,0.20473166168353332,0.33451957295373663,0.25,0.24085655741439324,0.4213406292749658,0.47413793103448276,0.25334308583790677,0.608058608058608,0.3023255813953488,0.24018280570004705,0.39090909090909093,0.27483443708609273
qwen3:30b-a3b-q4_K_M,baseline_icl,2,0.3836824696802646,0.5312977099236641,0.44558258642765686,0.3074082011883767,0.16129032258064516,0.17229437229437228,0.35,0.10989010989010989,0.23467735951419497,0.36923076923076925,0.2714285714285714,0.2523639308868002,0.425414364640884,0.5086206896551724,0.2769660563778211,0.6330935251798561,0.23255813953488372,0.2202093429861125,0.4,0.2814569536423841
qwen3:30b-a3b-q4_K_M,baseline_icl,3,0.3802363050483351,0.5404580152671755,0.44640605296343,0.3150697889277787,0.22580645161290322,0.20000983864620225,0.3902439024390244,0.14285714285714285,0.27064942385645036,0.36363636363636365,0.28214285714285714,0.22579565374373872,0.41948579161028415,0.5172413793103449,0.27236382236382234,0.6446886446886447,0.29069767441860467,0.2692911505546328,0.4147465437788018,0.304635761589404
qwen3:30b-a3b-q4_K_M,baseline_icl,mean,0.37754062766051577,0.5323155216284987,0.4417460032227217,0.30502568222452403,0.18279569892473116,0.19804429577156848,0.3832941522186306,0.12087912087912088,0.2366861483513929,0.3557955686069565,0.26785714285714285,0.2396720473483107,0.42208026184204467,0.5,0.2675576548598501,0.6286135926423696,0.2751937984496124,0.24322776641359745,0.40188521156263096,0.28697571743929357
qwen3:4b-q4_K_M,baseline,1,0.3679906542056075,0.48091603053435117,0.4169424222369292,0.25422932218540156,0.1935483870967742,0.15981240981240982,0.38961038961038963,0.17582417582417584,0.18013601328457204,0.2869198312236287,0.2892857142857143,0.22223476284525898,0.41168289290681503,0.4827586206896552,0.23231046239895797,0.6014492753623188,0.23255813953488372,0.18647251441369092,0.3465346534653465,0.29635761589403975
qwen3:4b-q4_K_M,baseline,2,0.3580683156654888,0.46412213740458014,0.40425531914893614,0.27273803262845925,0.22580645161290322,0.15274170274170273,0.3466666666666667,0.13186813186813187,0.19931129476584017,0.2773109243697479,0.26071428571428573,0.22855223621329887,0.403899721448468,0.4827586206896552,0.23366784730421095,0.5963636363636363,0.23255813953488372,0.1951652975760979,0.31313131313131315,0.2781456953642384
qwen3:4b-q4_K_M,baseline,3,0.3642691415313225,0.47938931297709925,0.4139749505603164,0.27222397052684855,0.1935483870967742,0.20203004066640426,0.45,0.15384615384615385,0.1808308603763149,0.27385892116182575,0.2785714285714286,0.24354666254321752,0.4100418410041841,0.47413793103448276,0.26945582498374543,0.6142857142857143,0.2441860465116279,0.1708952064884268,0.3015075376884422,0.28807947019867547
qwen3:4b-q4_K_M,baseline,mean,0.3634427038008063,0.47480916030534354,0.4117242306487272,0.2663971084469031,0.20430107526881716,0.17152805107350563,0.39542568542568546,0.15384615384615385,0.1867593894755757,0.2793632255850675,0.2761904761904762,0.23144455386725846,0.40854148511982236,0.47988505747126436,0.24514471156230477,0.6040328753372232,0.23643410852713176,0.18417767282607186,0.32039116809503393,0.2875275938189845
qwen8b,rag_fewshot,1,0.3954659949622166,0.47938931297709925,0.4334023464458247,0.26919099090732784,0.25806451612903225,0.19810606060606056,0.34782608695652173,0.16483516483516483,0.2671698770005216,0.3292181069958848,0.31785714285714284,0.21559596037373654,0.4277286135693215,0.5603448275862069,0.23340065596124102,0.6194029850746269,0.29069767441860467,0.19494598538716187,0.35602094240837695,0.3344370860927152
qwen8b,rag_oneshot,1,0.384526558891455,0.5083969465648855,0.4378698224852071,0.3181717401586825,0.3225806451612903,0.27813852813852813,0.5,0.17582417582417584,0.28545691881218194,0.3424124513618677,0.28214285714285714,0.2587015719163628,0.41770401106500693,0.5258620689655172,0.2425340608485279,0.6268656716417911,0.2558139534883721,0.23587859220270288,0.3553299492385787,0.31125827814569534
